Feature,Importance
satisfaction_level,0.3597594044643051
time_spend_company,0.1839454612852844
number_project,0.16463069967752533
average_montly_hours,0.14884905115845448
last_evaluation,0.11638537825474686
Department,0.012142782346114675
salary,0.008177421641491303
Work_accident,0.005006932082047002
promotion_last_5years,0.001102869090030762
